{"tiles":[{"tile_x":100,"tile_y":450},{"tile_x":50,"tile_y":450},{"tile_x":0,"tile_y":450},{"tile_x":650,"tile_y":450},{"tile_x":600,"tile_y":450},{"tile_x":550,"tile_y":450},{"tile_x":500,"tile_y":450},{"tile_x":450,"tile_y":450},{"tile_x":400,"tile_y":450},{"tile_x":350,"tile_y":450},{"tile_x":300,"tile_y":450},{"tile_x":650,"tile_y":400},{"tile_x":650,"tile_y":350},{"tile_x":650,"tile_y":300},{"tile_x":650,"tile_y":150},{"tile_x":650,"tile_y":100},{"tile_x":650,"tile_y":50},{"tile_x":100,"tile_y":50},{"tile_x":50,"tile_y":100},{"tile_x":50,"tile_y":50},{"tile_x":600,"tile_y":50},{"tile_x":600,"tile_y":400},{"tile_x":600,"tile_y":350},{"tile_x":550,"tile_y":400},{"tile_x":50,"tile_y":400},{"tile_x":0,"tile_y":400},{"tile_x":0,"tile_y":350},{"tile_x":0,"tile_y":300},{"tile_x":0,"tile_y":250},{"tile_x":0,"tile_y":200},{"tile_x":0,"tile_y":150},{"tile_x":0,"tile_y":100},{"tile_x":0,"tile_y":50},{"tile_x":350,"tile_y":300},{"tile_x":300,"tile_y":250},{"tile_x":250,"tile_y":200},{"tile_x":400,"tile_y":250},{"tile_x":450,"tile_y":200},{"tile_x":400,"tile_y":150},{"tile_x":350,"tile_y":200},{"tile_x":300,"tile_y":150},{"tile_x":250,"tile_y":1300},{"tile_x":350,"tile_y":1150},{"tile_x":1100,"tile_y":1200},{"tile_x":1050,"tile_y":1300},{"tile_x":600,"tile_y":0},{"tile_x":550,"tile_y":0},{"tile_x":500,"tile_y":0},{"tile_x":450,"tile_y":0},{"tile_x":400,"tile_y":0},{"tile_x":350,"tile_y":0},{"tile_x":300,"tile_y":0},{"tile_x":250,"tile_y":0},{"tile_x":200,"tile_y":0},{"tile_x":150,"tile_y":0},{"tile_x":100,"tile_y":0},{"tile_x":50,"tile_y":0},{"tile_x":0,"tile_y":0},{"tile_x":1250,"tile_y":0},{"tile_x":1200,"tile_y":0},{"tile_x":1150,"tile_y":0},{"tile_x":1100,"tile_y":0},{"tile_x":1050,"tile_y":0},{"tile_x":1000,"tile_y":0},{"tile_x":950,"tile_y":0},{"tile_x":900,"tile_y":0},{"tile_x":850,"tile_y":0},{"tile_x":800,"tile_y":0},{"tile_x":750,"tile_y":0},{"tile_x":700,"tile_y":0},{"tile_x":1350,"tile_y":450},{"tile_x":1350,"tile_y":400},{"tile_x":1350,"tile_y":350},{"tile_x":1350,"tile_y":300},{"tile_x":1350,"tile_y":250},{"tile_x":1350,"tile_y":200},{"tile_x":1350,"tile_y":150},{"tile_x":1350,"tile_y":100},{"tile_x":1350,"tile_y":50},{"tile_x":1350,"tile_y":0},{"tile_x":1350,"tile_y":1450},{"tile_x":1350,"tile_y":1400},{"tile_x":1350,"tile_y":1350},{"tile_x":1350,"tile_y":1300},{"tile_x":1350,"tile_y":1250},{"tile_x":1350,"tile_y":1200},{"tile_x":1350,"tile_y":1150},{"tile_x":1350,"tile_y":1100},{"tile_x":1350,"tile_y":1050},{"tile_x":1350,"tile_y":1000},{"tile_x":1300,"tile_y":1450},{"tile_x":1250,"tile_y":1450},{"tile_x":1200,"tile_y":1450},{"tile_x":1150,"tile_y":1450},{"tile_x":1100,"tile_y":1450},{"tile_x":1050,"tile_y":1450},{"tile_x":1000,"tile_y":1450},{"tile_x":950,"tile_y":1450},{"tile_x":900,"tile_y":1450},{"tile_x":850,"tile_y":1450},{"tile_x":800,"tile_y":1450},{"tile_x":750,"tile_y":1450},{"tile_x":700,"tile_y":1450},{"tile_x":650,"tile_y":1450},{"tile_x":600,"tile_y":1450},{"tile_x":550,"tile_y":1450},{"tile_x":500,"tile_y":1450},{"tile_x":450,"tile_y":1450},{"tile_x":400,"tile_y":1450},{"tile_x":350,"tile_y":1450},{"tile_x":300,"tile_y":1450},{"tile_x":250,"tile_y":1450},{"tile_x":200,"tile_y":1450},{"tile_x":150,"tile_y":1450},{"tile_x":100,"tile_y":1450},{"tile_x":50,"tile_y":1450},{"tile_x":0,"tile_y":1450},{"tile_x":0,"tile_y":1400},{"tile_x":0,"tile_y":1350},{"tile_x":0,"tile_y":1300},{"tile_x":0,"tile_y":1250},{"tile_x":0,"tile_y":1200},{"tile_x":0,"tile_y":1150},{"tile_x":0,"tile_y":1100},{"tile_x":0,"tile_y":1050},{"tile_x":0,"tile_y":1000},{"tile_x":650,"tile_y":0},{"tile_x":1300,"tile_y":0},{"tile_x":700,"tile_y":450},{"tile_x":700,"tile_y":400},{"tile_x":700,"tile_y":350},{"tile_x":700,"tile_y":300},{"tile_x":750,"tile_y":350},{"tile_x":750,"tile_y":400},{"tile_x":750,"tile_y":450},{"tile_x":800,"tile_y":450},{"tile_x":800,"tile_y":400},{"tile_x":850,"tile_y":450},{"tile_x":1300,"tile_y":450},{"tile_x":1250,"tile_y":450},{"tile_x":1200,"tile_y":450},{"tile_x":1150,"tile_y":450},{"tile_x":1100,"tile_y":450},{"tile_x":1050,"tile_y":450},{"tile_x":1350,"tile_y":500},{"tile_x":1350,"tile_y":550},{"tile_x":1350,"tile_y":600},{"tile_x":1350,"tile_y":650},{"tile_x":1350,"tile_y":700},{"tile_x":1350,"tile_y":750},{"tile_x":1350,"tile_y":800},{"tile_x":1350,"tile_y":850},{"tile_x":1350,"tile_y":900},{"tile_x":1350,"tile_y":950},{"tile_x":1300,"tile_y":950},{"tile_x":1250,"tile_y":950},{"tile_x":1200,"tile_y":950},{"tile_x":1150,"tile_y":950},{"tile_x":1100,"tile_y":950},{"tile_x":1050,"tile_y":950},{"tile_x":1000,"tile_y":950},{"tile_x":950,"tile_y":950},{"tile_x":900,"tile_y":950},{"tile_x":850,"tile_y":950},{"tile_x":800,"tile_y":950},{"tile_x":750,"tile_y":950},{"tile_x":700,"tile_y":950},{"tile_x":700,"tile_y":500},{"tile_x":750,"tile_y":500},{"tile_x":800,"tile_y":500},{"tile_x":850,"tile_y":500},{"tile_x":1000,"tile_y":500},{"tile_x":1050,"tile_y":500},{"tile_x":1100,"tile_y":500},{"tile_x":1150,"tile_y":500},{"tile_x":1200,"tile_y":500},{"tile_x":1250,"tile_y":500},{"tile_x":1300,"tile_y":500},{"tile_x":700,"tile_y":900},{"tile_x":700,"tile_y":550},{"tile_x":700,"tile_y":600},{"tile_x":700,"tile_y":650},{"tile_x":700,"tile_y":700},{"tile_x":700,"tile_y":750},{"tile_x":750,"tile_y":550},{"tile_x":750,"tile_y":600},{"tile_x":800,"tile_y":550},{"tile_x":1300,"tile_y":550},{"tile_x":1300,"tile_y":850},{"tile_x":1300,"tile_y":900},{"tile_x":1250,"tile_y":900},{"tile_x":0,"tile_y":500},{"tile_x":0,"tile_y":550},{"tile_x":0,"tile_y":600},{"tile_x":0,"tile_y":650},{"tile_x":0,"tile_y":700},{"tile_x":0,"tile_y":750},{"tile_x":0,"tile_y":800},{"tile_x":0,"tile_y":850},{"tile_x":0,"tile_y":900},{"tile_x":0,"tile_y":950},{"tile_x":50,"tile_y":950},{"tile_x":100,"tile_y":950},{"tile_x":150,"tile_y":950},{"tile_x":200,"tile_y":950},{"tile_x":250,"tile_y":950},{"tile_x":300,"tile_y":950},{"tile_x":350,"tile_y":950},{"tile_x":400,"tile_y":950},{"tile_x":450,"tile_y":950},{"tile_x":500,"tile_y":950},{"tile_x":550,"tile_y":950},{"tile_x":600,"tile_y":950},{"tile_x":650,"tile_y":950},{"tile_x":650,"tile_y":500},{"tile_x":650,"tile_y":550},{"tile_x":650,"tile_y":600},{"tile_x":650,"tile_y":650},{"tile_x":650,"tile_y":700},{"tile_x":650,"tile_y":750},{"tile_x":600,"tile_y":500},{"tile_x":550,"tile_y":500},{"tile_x":500,"tile_y":500},{"tile_x":50,"tile_y":500},{"tile_x":100,"tile_y":500},{"tile_x":300,"tile_y":500},{"tile_x":350,"tile_y":500},{"tile_x":400,"tile_y":500},{"tile_x":450,"tile_y":500},{"tile_x":1300,"tile_y":50},{"tile_x":700,"tile_y":50},{"tile_x":700,"tile_y":100},{"tile_x":700,"tile_y":150},{"tile_x":750,"tile_y":50},{"tile_x":800,"tile_y":50},{"tile_x":750,"tile_y":100},{"tile_x":1150,"tile_y":50},{"tile_x":1200,"tile_y":50},{"tile_x":1250,"tile_y":50},{"tile_x":1200,"tile_y":100},{"tile_x":1250,"tile_y":100},{"tile_x":1250,"tile_y":150},{"tile_x":1300,"tile_y":100},{"tile_x":1300,"tile_y":150},{"tile_x":1300,"tile_y":200},{"tile_x":1300,"tile_y":400},{"tile_x":1250,"tile_y":400},{"tile_x":1300,"tile_y":350},{"tile_x":1200,"tile_y":400},{"tile_x":1250,"tile_y":350},{"tile_x":1300,"tile_y":300},{"tile_x":1000,"tile_y":450},{"tile_x":950,"tile_y":200},{"tile_x":950,"tile_y":250},{"tile_x":1050,"tile_y":250},{"tile_x":1050,"tile_y":200},{"tile_x":950,"tile_y":100},{"tile_x":1050,"tile_y":100},{"tile_x":750,"tile_y":900},{"tile_x":800,"tile_y":900},{"tile_x":1050,"tile_y":300},{"tile_x":1000,"tile_y":300},{"tile_x":950,"tile_y":300},{"tile_x":850,"tile_y":550},{"tile_x":1150,"tile_y":700},{"tile_x":950,"tile_y":700},{"tile_x":1050,"tile_y":600},{"tile_x":1000,"tile_y":650},{"tile_x":950,"tile_y":750},{"tile_x":1000,"tile_y":750},{"tile_x":1050,"tile_y":750},{"tile_x":1100,"tile_y":750},{"tile_x":1150,"tile_y":750},{"tile_x":1050,"tile_y":800},{"tile_x":1050,"tile_y":850},{"tile_x":1050,"tile_y":900},{"tile_x":1050,"tile_y":650},{"tile_x":1050,"tile_y":700},{"tile_x":1100,"tile_y":700},{"tile_x":1000,"tile_y":700},{"tile_x":100,"tile_y":800},{"tile_x":200,"tile_y":800},{"tile_x":400,"tile_y":850},{"tile_x":500,"tile_y":900},{"tile_x":600,"tile_y":900},{"tile_x":150,"tile_y":850},{"tile_x":150,"tile_y":750},{"tile_x":350,"tile_y":900},{"tile_x":300,"tile_y":850},{"tile_x":350,"tile_y":800},{"tile_x":350,"tile_y":550},{"tile_x":300,"tile_y":600},{"tile_x":350,"tile_y":650},{"tile_x":400,"tile_y":600},{"tile_x":100,"tile_y":650},{"tile_x":50,"tile_y":600},{"tile_x":100,"tile_y":550},{"tile_x":150,"tile_y":600},{"tile_x":50,"tile_y":900},{"tile_x":550,"tile_y":650},{"tile_x":500,"tile_y":700},{"tile_x":550,"tile_y":750},{"tile_x":600,"tile_y":700},{"tile_x":50,"tile_y":150},{"tile_x":150,"tile_y":50},{"tile_x":50,"tile_y":350},{"tile_x":100,"tile_y":400},{"tile_x":100,"tile_y":600},{"tile_x":150,"tile_y":800},{"tile_x":350,"tile_y":850},{"tile_x":350,"tile_y":600},{"tile_x":550,"tile_y":700},{"tile_x":550,"tile_y":900},{"tile_x":1100,"tile_y":650}],"pots":[{"pot_x":149,"pot_y":282},{"pot_x":472,"pot_y":395},{"pot_x":588,"pot_y":598},{"pot_x":884,"pot_y":123},{"pot_x":766,"pot_y":759},{"pot_x":1245,"pot_y":824},{"pot_x":1050,"pot_y":399},{"pot_x":1174,"pot_y":253},{"pot_x":527,"pot_y":128},{"pot_x":84,"pot_y":745},{"pot_x":288,"pot_y":766},{"pot_x":423,"pot_y":671},{"pot_x":1232,"pot_y":586}]}